qseqid,sseqid,qstart,qend,sstart,send,nident,score,evalue,pident,qseq,sseq,ppos
11,985,10,20,1205,1215,5,56,35,45.455,DYYAWWEWWYW,DQYIKWPWYIW,54.55
14,19090,1,20,145,164,6,49,208,30.000,YYIQDFFWMRMGSWIQQRTC,YHINNKSWMESGVYSSANNC,45.00
19,25530,4,18,136,150,6,47,319,40.000,CNDMRIDTYASSYWW,CNDPFLDVYYHNKSW,53.33
39,27029,4,18,134,148,6,46,335,40.000,CNDMREDYYASSYWW,CNDPFLDYHKNNKSW,60.00
45,27029,4,18,134,148,6,48,241,40.000,CNDMRDDYYASSEWW,CNDPFLDYHKNNKSW,66.67
47,19090,1,12,145,156,6,46,360,50.000,YYIQDDFWMEMG,YHINNKSWMESG,66.67
52,27029,4,18,134,148,6,45,437,40.000,CNDLDDDYYASSEWW,CNDPFLDYHKNNKSW,66.67
58,985,4,19,1197,1212,6,46,335,37.500,DMQDNSDFDDYIDDDW,DLQELGKYDQYIKWPW,56.25
61,27029,4,18,134,148,6,49,185,40.000,CNDMRIDYYAASYWW,CNDPFLDYHKNNKSW,60.00
63,13441,1,18,135,152,7,47,304,38.889,WCNCNDLDDDYYASSEWW,FCNDPFLDVYYYKNNKSW,61.11
105,27297,5,20,134,149,4,42,949,25.000,CQHCELSLWDDDDDDW,CNHPFLGVYHKNNKSW,50.00
128,1620,5,16,170,181,6,43,815,50.000,LSTHLWAVDDNR,LSLFLWTLKENR,66.67
133,23377,4,19,134,149,5,43,672,31.250,CNDMRIDTDFDSYWAD,CNDPXLDHXXNKSWME,50.00
158,1620,5,16,170,181,6,42,855,50.000,LSTHLWAVDDNR,LSLFLWTLKENR,66.67
168,25632,8,14,136,142,4,42,963,57.143,CDDDDSW,CNDNKSW,85.71
175,19090,1,12,145,156,6,46,360,50.000,YYIQDDFWMEMG,YHINNKSWMESG,66.67
180,4139,6,20,132,146,6,52,94,40.000,QHCEDDLDDDDDDDW,QFCNDPLDHKNNKSW,53.33
191,27029,4,18,134,148,6,47,328,40.000,CNDMDDDYYASSEWW,CNDPFLDYHKNNKSW,66.67
201,13441,4,20,136,152,6,45,475,35.294,CNDMRIDTYAWSYWWDW,CNDPFLDVYYYKNNKSW,47.06
207,13657,3,19,830,846,7,45,506,41.176,DAYWIYHIQDCCSSMGA,DAGFIKHYGDCLGDIAA,52.94
215,985,10,20,1205,1215,5,59,22,45.455,DYYASWEWWYW,DQYIKWPWYIW,54.55
220,23377,4,19,134,149,5,43,794,31.250,CNDMREDYAASSYWWD,CNDPXLDHXXNKSWME,50.00
224,20868,8,20,134,146,4,44,602,30.769,CDDDDDDDDDDDW,CNDPXDHKNNKSW,53.85
256,14646,1,20,1141,1160,7,42,905,35.000,EQHYMMERIGTYFIEESSTD,ELHSFKEELDKYFKNHTSPD,45.00
269,23377,4,19,134,149,5,42,924,31.250,CNDMRIDTAAASYWWD,CNDPXLDHXXNKSWME,43.75
270,20868,4,20,130,146,4,45,516,23.529,DMDHCDDSDDDDDDDDW,EFQFCNDPXDHKNNKSW,47.06
296,985,4,19,1197,1212,6,46,375,37.500,DMQDNSDFDDYIDDRW,DLQELGKYDQYIKWPW,56.25
312,19090,1,12,145,156,6,46,360,50.000,YYIQDDFWMEMG,YHINNKSWMESG,66.67
313,12824,3,20,147,164,4,43,658,22.222,RQDRTWDDMGSWIYYRDC,KNDKSWMESGVYSSANNC,55.56
316,25530,4,18,136,150,6,44,546,40.000,CNDMRIDTYAWSYWW,CNDPFLDVYYHNKSW,53.33
358,8040,3,18,131,147,7,43,730,41.176,CDMQ-CNDDMNDDDDDD,CEFQFCNDPFLDDHKNN,58.82
360,18458,2,20,437,455,6,42,920,31.579,NRQCRHCDLDGDDDYYYDC,NSNNLDSKVGGNDDXXLDC,42.11
364,4139,3,20,129,147,5,46,383,26.316,CDMQ-CNSDMNDDDDDRWL,CEFQFCNDPLDHKNNKSWM,57.89
378,27029,4,18,134,148,6,45,437,40.000,CNDMRDDYYASSYWW,CNDPFLDYHKNNKSW,60.00
391,27358,2,18,401,417,5,46,384,29.412,RDDDIESYYAVDDWDDC,RGDEVRQIAPGXNWKDC,47.06
400,8040,3,17,131,146,7,42,892,43.750,CDMQ-CNDDMNDDDDD,CEFQFCNDPFLDDHKN,56.25
404,23377,4,19,134,149,5,44,598,31.250,CNDMRIDTAASSYWWD,CNDPXLDHXXNKSWME,50.00
430,27029,4,18,134,148,6,53,72,40.000,CNDMRIDYYASSEWW,CNDPFLDYHKNNKSW,73.33
461,1620,5,16,170,181,6,43,804,50.000,LSTHLWAVDDNR,LSLFLWTLKENR,66.67
